{"cameraMode":{"drawMode":0,"name":"Shaded","section":"Shading Mode"},"sceneLighting":false,"audioPlay":false,"sceneViewState":{"m_AlwaysRefresh":false,"showFog":true,"showSkybox":false,"showFlares":true,"showImageEffects":true,"showParticleSystems":true,"showVisualEffectGraphs":true,"m_FxEnabled":true},"in2DMode":false,"pivot":{"x":0.4130087196826935,"y":-0.09320968389511109,"z":0.1751774549484253},"rotation":{"x":-0.21391279995441438,"y":0.07960710674524307,"z":-0.01749347895383835,"w":-0.9734464883804321},"size":1.1219305992126465,"orthographic":false}