{"cameraMode":{"drawMode":0,"name":"Shaded","section":"Shading Mode"},"sceneLighting":true,"audioPlay":false,"sceneViewState":{"m_AlwaysRefresh":false,"showFog":true,"showSkybox":true,"showFlares":true,"showImageEffects":true,"showParticleSystems":true,"showVisualEffectGraphs":true,"m_FxEnabled":true},"in2DMode":false,"pivot":{"x":0.28674471378326418,"y":-0.8725402355194092,"z":13.251409530639649},"rotation":{"x":0.059691011905670169,"y":-0.7539561986923218,"z":0.06918013095855713,"w":0.6505393981933594},"size":0.15527799725532533,"orthographic":false}