{"cameraMode":{"drawMode":0,"name":"Shaded","section":"Shading Mode"},"sceneLighting":true,"audioPlay":false,"sceneViewState":{"m_AlwaysRefresh":false,"showFog":true,"showSkybox":true,"showFlares":true,"showImageEffects":true,"showParticleSystems":true,"showVisualEffectGraphs":true,"m_FxEnabled":true},"in2DMode":false,"pivot":{"x":0.5853352546691895,"y":0.7653279304504395,"z":0.676803708076477},"rotation":{"x":0.2490663081407547,"y":-0.34491854906082156,"z":0.09545867145061493,"w":0.8999398946762085},"size":0.9467078447341919,"orthographic":false}