{"cameraMode":{"drawMode":0,"name":"Shaded","section":"Shading Mode"},"sceneLighting":true,"audioPlay":false,"sceneViewState":{"m_AlwaysRefresh":false,"showFog":true,"showSkybox":true,"showFlares":true,"showImageEffects":true,"showParticleSystems":true,"showVisualEffectGraphs":true,"m_FxEnabled":true},"in2DMode":false,"pivot":{"x":0.5393860340118408,"y":-0.1499648094177246,"z":1.420426607131958},"rotation":{"x":0.2869875729084015,"y":-0.38582557439804079,"z":0.12764430046081544,"w":0.8674630522727966},"size":1.823991298675537,"orthographic":false}