{"cameraMode":{"drawMode":0,"name":"Shaded","section":"Shading Mode"},"sceneLighting":false,"audioPlay":false,"sceneViewState":{"m_AlwaysRefresh":false,"showFog":true,"showSkybox":false,"showFlares":true,"showImageEffects":true,"showParticleSystems":true,"showVisualEffectGraphs":true,"m_FxEnabled":true},"in2DMode":false,"pivot":{"x":-0.0383952260017395,"y":-0.00001043081283569336,"z":5.279923915863037},"rotation":{"x":-0.33258256316185,"y":0.12733888626098634,"z":-0.045375652611255649,"w":-0.9333351850509644},"size":1.263275146484375,"orthographic":false}