{"cameraMode":{"drawMode":0,"name":"Shaded","section":"Shading Mode"},"sceneLighting":false,"audioPlay":false,"sceneViewState":{"m_AlwaysRefresh":false,"showFog":true,"showSkybox":false,"showFlares":true,"showImageEffects":true,"showParticleSystems":true,"showVisualEffectGraphs":true,"m_FxEnabled":true},"in2DMode":false,"pivot":{"x":0.04488420486450195,"y":-0.6119600534439087,"z":0.023013174533843995},"rotation":{"x":-0.1874820590019226,"y":0.19076943397521974,"z":-0.03714587166905403,"w":-0.9628487229347229},"size":0.7422553300857544,"orthographic":false}